Pixel Number,ColumnDensity_Cp_cm2,Mass_Cp_Msun,med_NHI_NHICII,peak_NHI_NHICII
1,2.3303235521935473e+18,10732.436868014302,1.053731412756684,1.9649346003558805
6,2.550105607274742e+18,11744.65554840356,0.950621544709645,1.083603438659092
2,1.5069259794779763e+18,6940.232794838411,1.1947995299684442,1.3651667183523386
0,1.16755654431888e+18,5377.247674445926,2.089215296405797,1.6933003875970651
5,3.551244087700864e+17,1635.545542089299,3.207607943266483,1.9568605404616934
3,1.8334348052734707e+18,8443.987651712712,1.162473160567011,0.9631133774803682
4,1.0761602242750464e+16,49.563167552540634,1.9113931129995994,2.787261817955165
