Pixel Number,ColumnDensity_Cp_cm2,Mass_Cp_Msun,med_NHI_NHICII,peak_NHI_NHICII
1,2.3538621739328763e+18,10840.845321226567,1.043194098629117,1.9452852543523214
6,2.5758642497724667e+18,11863.28843273087,0.9411153292625484,1.0727674042725008
2,1.5221474540181583e+18,7010.336156402437,1.1828515346687596,1.351515051168815
0,1.1793500447665457e+18,5431.563307521138,2.068323143441739,1.6763673837210942
5,3.587115240101883e+17,1652.0662041306052,3.175531863833818,1.9372919350570765
3,1.8519543487610816e+18,8529.280456275468,1.1508484289613408,0.9534822437055642
4,1.087030529570757e+16,50.06380560862705,1.8922791818696032,2.759389199775613
