Pixel Number,ColumnDensity_Cp_cm2,Mass_Cp_Msun,e_Mass_Cp_Msun_upper,e_Mass_Cp_Msun_lower,med_NHI_NHICII,peak_NHI_NHICII
1,2.3303235521935473e+18,10732.436868014302,2720.7986184810925,2720.7986184810943,1.053731412756684,1.9649346003558805
6,2.550105607274742e+18,11744.65554840356,3328.6366077162256,3328.636607716233,0.950621544709645,1.083603438659092
2,1.5069259794779763e+18,6940.232794838411,2778.6879507892018,2778.687950789201,1.1947995299684442,1.3651667183523386
0,1.16755654431888e+18,5377.247674445926,2402.4072907864975,2402.407290786498,2.089215296405797,1.6933003875970651
5,3.551244087700864e+17,1635.545542089299,4862.703913881103,4862.703913881103,3.207607943266483,1.9568605404616934
3,1.8334348052734707e+18,8443.987651712712,1997.181964629739,1997.181964629738,1.162473160567011,0.9631133774803682
4,1.0761602242750464e+16,49.563167552540634,1899.1763406344326,1899.176340634432,1.9113931129995994,2.787261817955165
