Pixel_Number,ICO_ICII,IHI_ICII
1,14.6360924070316,825.328243809119
6,18.730691036185004,819.9089489447271
2,13.63659277398957,823.6176728927953
0,9.119919865820629,829.4282295391821
5,9.00042300200468,835.120274568009
3,8.371521630335998,827.0667377708425
4,9.884669282877399,777.7805118987255
