Pixel_Number,ICO_ICII,IHI_ICII
1,3.566523571148488,104.64665705700813
6,1.663694485392651,48.99104390569744
2,1.9607265453277853,70.33041555614412
0,1.8187393747375142,70.86251462615502
5,1.5698568358193619,95.50079285614399
3,1.2550412908576718,51.7251210113072
4,2.4186001430954196,125.6650158982727
