Mom0,eMom0,Max,eMax,Mom1,eMom1,Mom2,eMom2,rms,Mass
13.716325910164958,0.28221941888589014,0.08894031505112741,0.028190408668811527,144.87552885523147,10.44757873805399,89.29201642153814,17.30672452260035,0.009628300484971588,7010.336156402436
