Mom0,eMom0,Max,eMax,Mom1,eMom1,Mom2,eMom2,rms,Mass
23.32499288993743,0.27463736624869983,0.20300340969902475,0.027433050570511222,180.20441598886327,10.234244089177459,77.40399269062321,246.96384857050316,0.011495800829627605,11863.28843273087
