Mom0,eMom0,Max,eMax,Mom1,eMom1,Mom2,eMom2,rms,Mass,eMass,Mom0_HI,eMom0_HI,Mom0_CO,eMom0_CO
21.2353507816778,2.367474929338959,0.09856767953478301,0.03344374204447677,141.23750967059533,10.316415557818338,96.04587438277879,19.73787238353408,0.009445390720576204,5863.966849954375,1486.5843703888204,16543.512827790248,580.402325977005,255.530088810952,9.342206875573403
