Mom0,eMom0,Max,eMax,Mom1,eMom1,Mom2,eMom2,rms,Mass,eMass
10.760210137833553,0.1480588708666877,0.07195127764684102,0.014789344026189529,143.2540467754938,10.204325813635101,94.21911144452694,16.852210643993427,0.008335526242958366,5377.247674445926,2402.407290786497
