Mom0,eMom0,Max,eMax,Mom1,eMom1,Mom2,eMom2,rms,Mass,eMass
16.38422360045631,0.3105803014553278,0.07748338611108786,0.03102332807952006,165.1490689978504,10.490965501820554,111.786867735481,93.65361541028827,0.006943747185115726,8443.987651712712,1997.181964629739
