Mom0,eMom0,Max,eMax,Mom1,eMom1,Mom2,eMom2,rms,Mass,eMass,Mom0_HI,eMom0_HI,Mom0_CO,eMom0_CO
3.678004211058642,1.2871412129477633,0.05902227751267018,0.01818258692718633,64.79620538192422,11.08070787447734,48.08210352865047,8488.19143032643,0.016797198631911564,1037.5255905429676,2843.321505738078,13847.231163485343,429.0861849547778,102.73130652103066,3.744630820824857
