Mom0,eMom0,Max,eMax,Mom1,eMom1,Mom2,eMom2,rms,Mass,eMass
0.2966346050069776,0.1622714359378541,0.03337637289177599,0.016209012520901636,-1766.7526825234695,966.5543811138144,1950.7504776939784,1281521.8214506814,0.006777876240680019,49.563167552540634,1899.1763406344328
